{"1":24791666.6666666679,"2":31720833.3333333321,"3":26081200.0,"4":24947916.6666666679,"5":24747500.0,"6":23045200.0,"7":22051666.6666666679,"8":26720000.0,"9":23928333.3333333321,"10":26126666.6666666679}